{
  "endofherobrine:story/root": {
    "criteria": {
      "requirement": "2024-08-14 19:19:21 +0200"
    },
    "done": true
  },
  "minecraft:story/obtain_armor": {
    "criteria": {
      "iron_helmet": "2024-08-14 19:32:48 +0200"
    },
    "done": true
  },
  "minecraft:adventure/sleep_in_bed": {
    "criteria": {
      "slept_in_bed": "2024-08-14 19:34:53 +0200"
    },
    "done": true
  },
  "betterdungeons:root": {
    "criteria": {
      "always": "2024-08-14 19:17:15 +0200"
    },
    "done": true
  },
  "minecraft:adventure/adventuring_time": {
    "criteria": {
      "minecraft:savanna": "2024-08-14 19:17:42 +0200",
      "minecraft:plains": "2024-08-14 19:17:36 +0200"
    },
    "done": false
  },
  "create:root": {
    "criteria": {
      "0": "2024-08-14 19:17:15 +0200"
    },
    "done": true
  },
  "betterdeserttemples:root": {
    "criteria": {
      "always": "2024-08-14 19:17:15 +0200"
    },
    "done": true
  },
  "pfm:grant_book_on_first_join": {
    "criteria": {
      "tick": "2024-08-14 19:17:15 +0200"
    },
    "done": true
  },
  "DataVersion": 3465
}