{
  "minecraft:adventure/adventuring_time": {
    "criteria": {
      "minecraft:taiga": "2023-08-09 00:00:34 +0200",
      "minecraft:deep_ocean": "2023-08-22 12:03:27 +0200",
      "minecraft:windswept_hills": "2023-08-09 00:00:52 +0200",
      "minecraft:badlands": "2023-08-22 12:04:36 +0200",
      "minecraft:savanna_plateau": "2023-08-22 12:04:33 +0200",
      "minecraft:beach": "2023-08-22 13:05:28 +0200",
      "minecraft:river": "2023-08-09 00:00:31 +0200",
      "minecraft:stony_shore": "2023-08-22 12:04:08 +0200",
      "minecraft:dripstone_caves": "2023-08-22 12:04:55 +0200",
      "minecraft:swamp": "2023-08-22 12:01:56 +0200",
      "minecraft:forest": "2023-08-08 23:58:05 +0200",
      "minecraft:desert": "2023-08-22 12:11:40 +0200",
      "minecraft:jungle": "2023-08-22 12:03:55 +0200",
      "minecraft:ocean": "2023-08-22 12:03:26 +0200",
      "minecraft:savanna": "2023-08-22 12:01:41 +0200",
      "minecraft:plains": "2023-08-22 12:02:07 +0200"
    },
    "done": false
  },
  "minecraft:recipes/decorations/crafting_table": {
    "criteria": {
      "unlock_right_away": "2023-08-21 22:58:33 +0200"
    },
    "done": true
  },
  "minecraft:recipes/transportation/mangrove_boat": {
    "criteria": {
      "in_water": "2023-08-22 12:01:56 +0200"
    },
    "done": true
  },
  "minecraft:recipes/transportation/acacia_boat": {
    "criteria": {
      "in_water": "2023-08-22 12:01:56 +0200"
    },
    "done": true
  },
  "minecraft:recipes/transportation/cherry_boat": {
    "criteria": {
      "in_water": "2023-08-22 12:01:56 +0200"
    },
    "done": true
  },
  "minecraft:recipes/transportation/bamboo_raft": {
    "criteria": {
      "in_water": "2023-08-22 12:01:56 +0200"
    },
    "done": true
  },
  "minecraft:recipes/transportation/spruce_boat": {
    "criteria": {
      "in_water": "2023-08-22 12:01:56 +0200"
    },
    "done": true
  },
  "minecraft:recipes/transportation/birch_boat": {
    "criteria": {
      "in_water": "2023-08-22 12:01:56 +0200"
    },
    "done": true
  },
  "minecraft:recipes/transportation/oak_boat": {
    "criteria": {
      "in_water": "2023-08-22 12:01:56 +0200"
    },
    "done": true
  },
  "minecraft:recipes/transportation/jungle_boat": {
    "criteria": {
      "in_water": "2023-08-22 12:01:56 +0200"
    },
    "done": true
  },
  "minecraft:recipes/transportation/dark_oak_boat": {
    "criteria": {
      "in_water": "2023-08-22 12:01:56 +0200"
    },
    "done": true
  },
  "minecraft:recipes/misc/iron_ingot_from_iron_block": {
    "criteria": {
      "has_iron_block": "2023-08-22 12:07:24 +0200"
    },
    "done": true
  },
  "minecraft:recipes/decorations/anvil": {
    "criteria": {
      "has_iron_block": "2023-08-22 12:07:24 +0200"
    },
    "done": true
  },
  "minecraft:recipes/misc/emerald": {
    "criteria": {
      "has_emerald_block": "2023-08-22 12:11:14 +0200"
    },
    "done": true
  },
  "minecraft:recipes/decorations/gray_bed": {
    "criteria": {
      "has_gray_wool": "2023-08-22 12:12:20 +0200"
    },
    "done": true
  },
  "minecraft:recipes/decorations/painting": {
    "criteria": {
      "has_wool": "2023-08-22 12:12:20 +0200"
    },
    "done": true
  },
  "minecraft:recipes/decorations/gray_banner": {
    "criteria": {
      "has_gray_wool": "2023-08-22 12:12:20 +0200"
    },
    "done": true
  },
  "minecraft:recipes/decorations/gray_carpet": {
    "criteria": {
      "has_gray_wool": "2023-08-22 12:12:20 +0200"
    },
    "done": true
  },
  "minecraft:recipes/decorations/gray_glazed_terracotta": {
    "criteria": {
      "has_gray_terracotta": "2023-08-22 12:14:29 +0200"
    },
    "done": true
  },
  "minecraft:recipes/redstone/repeater": {
    "criteria": {
      "has_redstone_torch": "2023-08-22 12:15:37 +0200"
    },
    "done": true
  },
  "DataVersion": 3465
}