{"stats":{"minecraft:dropped":{"minecraft:snow":1,"minecraft:grass_block":1},"minecraft:used":{"minecraft:redstone_torch":1,"minecraft:gray_terracotta":2,"minecraft:snow":1,"minecraft:iron_block":1,"minecraft:grass_block":1,"minecraft:oak_button":1,"minecraft:jungle_stairs":3,"minecraft:chest":2,"minecraft:painting":6,"minecraft:gray_wool":170},"minecraft:custom":{"minecraft:time_since_rest":28841,"minecraft:open_chest":4,"minecraft:crouch_one_cm":164,"minecraft:sprint_one_cm":16001,"minecraft:play_time":28841,"minecraft:damage_taken":60,"minecraft:walk_one_cm":61766,"minecraft:sneak_time":383,"minecraft:walk_under_water_one_cm":37880,"minecraft:drop":2,"minecraft:jump":49,"minecraft:leave_game":6,"minecraft:walk_on_water_one_cm":2275,"minecraft:time_since_death":28841,"minecraft:climb_one_cm":1348,"minecraft:total_world_time":33144,"minecraft:fly_one_cm":826265}},"DataVersion":3465}