{"stats":{"minecraft:custom":{"minecraft:jump":28,"minecraft:open_chest":31,"minecraft:time_since_rest":446,"minecraft:leave_game":1,"minecraft:sprint_one_cm":41786,"minecraft:play_time":21141,"minecraft:time_since_death":21141,"minecraft:walk_one_cm":49402,"minecraft:sleep_in_bed":1,"minecraft:sneak_time":57,"minecraft:climb_one_cm":270,"minecraft:total_world_time":21834,"minecraft:interact_with_crafting_table":1,"minecraft:fly_one_cm":11472,"minecraft:inspect_dispenser":1},"minecraft:used":{"minecraft:cyan_carpet":1,"exposure:camera":1,"minecraft:oak_sign":1,"sophisticatedbackpacks:backpack":3,"minecraft:red_bed":1,"minecraft:grass_block":1}},"DataVersion":3465}